INSERT INTO unidad_organizativa (id_unidad, nombre)
VALUES
    (1, 'Facultad de Ingeniería');

INSERT INTO ubicacion (id_ubicacion, id_unidad, descripcion, estado)
VALUES
    (1, 1, 'Pabellón antiguo - Laboratorio N°3', TRUE),
    (2, 1, 'Pabellón nuevo - Laboratorio N°4', TRUE),
    (3, 1, 'Pabellón nuevo - Laboratorio N°5', TRUE);

INSERT INTO equipo (
    id_equipo,
    codigo_inventario,
    numero_serie,
    tipo,
    marca,
    estado,
    id_ubicacion_actual,
    vida_util_meses,
    observaciones
) VALUES
    (1,  'EQ-0001', 'SN-ABC-0001', 'Laptop',   'Dell',       'operativo',         1, 48, 'Equipo de oficina'),
    (2,  'EQ-0002', 'SN-ABC-0002', 'Laptop',   'HP',         'operativo',         1, 60, 'Equipo docente'),
    (3,  'EQ-0003', 'SN-ABC-0003', 'Desktop',  'Lenovo',     'operativo',         2, 72, 'Equipo laboratorio'),
    (4,  'EQ-0004', 'SN-ABC-0004', 'Desktop',  'Acer',       'en mantenimiento',  2, 36, 'Fuente dañada'),
    (5,  'EQ-0005', 'SN-ABC-0005', 'Impresora','HP',         'operativo',         3, 24, 'Uso compartido'),
    (6,  'EQ-0006', 'SN-ABC-0006', 'Servidor', 'Dell',       'operativo',         1, 84, 'Servidor académico'),
    (7,  'EQ-0007', 'SN-ABC-0007', 'Switch',   'Cisco',      'operativo',         2, 96, 'Red principal'),
    (8,  'EQ-0008', 'SN-ABC-0008', 'Router',   'MikroTik',   'operativo',         2, 60, 'Enlace WAN'),
    (9,  'EQ-0009', 'SN-ABC-0009', 'Laptop',   'Lenovo',     'operativo',         3, 36, 'Alumno tesista'),
    (10, 'EQ-0010', 'SN-ABC-0010', 'Desktop',  'HP',         'baja',              3, 96, 'Equipo dado de baja'),
    (11, 'EQ-0011', 'SN-ABC-0011', 'Laptop',   'Dell',       'operativo',         1, 12, 'Equipo nuevo'),
    (12, 'EQ-0012', 'SN-ABC-0012', 'Impresora','Epson',      'operativo',         2, 30, 'Laboratorio impresión'),
    (13, 'EQ-0013', 'SN-ABC-0013', 'Servidor', 'HP',         'operativo',         1, 72, 'Servidor de backup'),
    (14, 'EQ-0014', 'SN-ABC-0014', 'Switch',   'TP-Link',    'operativo',         3, 48, 'Switch secundario'),
    (15, 'EQ-0015', 'SN-ABC-0015', 'Router',   'Cisco',      'en mantenimiento',  2, 54, 'Revisión de firmware');

INSERT INTO proveedor (
    id_proveedor,
    ruc,
    razon_social,
    nombre_comercial,
    direccion,
    telefono,
    email,
    estado
) VALUES
    (1,  '20111111111', 'Tecnología Global SAC',        'TecGlobal',    'Av. Principal 123',       '987654321', 'contacto@tecglobal.pe', TRUE),
    (2,  '20111111112', 'Soluciones TI SAC',            'SolTI',        'Jr. Sistemas 456',       '987654322', 'ventas@solti.pe',       TRUE),
    (3,  '20111111113', 'Importaciones Andinas SAC',    'ImpAndes',     'Av. Los Andes 789',      '987654323', 'info@impandes.pe',      TRUE),
    (4,  '20111111114', 'Redes y Conectividad SRL',     'RedConect',    'Calle Red 101',          '987654324', 'soporte@redconect.pe',  TRUE),
    (5,  '20111111115', 'Servicios Tecnológicos SAC',   'ServiTech',    'Av. Tecnológica 202',    '987654325', 'servicios@servitech.pe',TRUE),
    (6,  '20111111116', 'Computadoras del Perú SAC',    'CompuPeru',    'Av. Hardware 303',       '987654326', 'ventas@compuperu.pe',   TRUE),
    (7,  '20111111117', 'Soluciones de Impresión SAC',  'PrintSol',     'Jr. Impresoras 404',     '987654327', 'contacto@printsol.pe',  TRUE),
    (8,  '20111111118', 'Redes del Norte SAC',          'RedNorte',     'Av. Norte 505',          '987654328', 'info@rednorte.pe',      TRUE),
    (9,  '20111111119', 'Tecnología del Sur SAC',       'TecSur',       'Av. Sur 606',            '987654329', 'ventas@tecsur.pe',      TRUE),
    (10, '20111111120', 'Proveedores Integrales SAC',   'ProIntegra',   'Av. Integral 707',       '987654330', 'info@prointegra.pe',    TRUE),
    (11, '20111111121', 'Datacenter Andino SAC',        'DataAndes',    'Jr. Data 808',           '987654331', 'contacto@dataandes.pe', TRUE),
    (12, '20111111122', 'Soluciones Cloud SAC',         'CloudSol',     'Av. Nube 909',           '987654332', 'info@cloudsol.pe',      TRUE),
    (13, '20111111123', 'Servicios de Redes SAC',       'ServRed',      'Calle Switch 111',       '987654333', 'soporte@servred.pe',    TRUE),
    (14, '20111111124', 'Tecnología y Más SAC',         'TecMas',       'Jr. Innovación 222',     '987654334', 'ventas@tecmas.pe',      TRUE),
    (15, '20111111125', 'Soluciones Universitarias SAC','UniSol',       'Av. Campus 333',         '987654335', 'contacto@unisol.pe',    TRUE);

INSERT INTO contrato (
    id_contrato,
    id_proveedor,
    codigo_contrato,
    descripcion,
    fecha_inicio,
    fecha_fin,
    monto_total,
    tipo_contrato,
    estado
) VALUES
    (1,  1, 'CT-2024-001', 'Compra de laptops docentes',        '2024-01-10', '2024-12-31', 50000.00, 'compra',    'vigente'),
    (2,  2, 'CT-2024-002', 'Compra de desktops laboratorio',    '2024-02-01', '2024-12-31', 75000.00, 'compra',    'vigente'),
    (3,  3, 'CT-2024-003', 'Compra de impresoras',              '2024-03-05', '2024-12-31', 15000.00, 'compra',    'vigente'),
    (4,  4, 'CT-2024-004', 'Servicio de mantenimiento anual',   '2024-01-01', '2024-12-31', 20000.00, 'servicio',  'vigente'),
    (5,  5, 'CT-2024-005', 'Soporte de servidores',             '2024-01-15', '2025-01-14', 30000.00, 'soporte',   'vigente'),
    (6,  6, 'CT-2023-006', 'Compra de equipos de red',          '2023-05-01', '2024-04-30', 25000.00, 'compra',    'vencido'),
    (7,  7, 'CT-2023-007', 'Suministro de tóner e insumos',     '2023-03-01', '2024-03-01', 10000.00, 'servicio',  'vencido'),
    (8,  8, 'CT-2024-008', 'Ampliación de red de datos',        '2024-04-01', '2025-03-31', 40000.00, 'servicio',  'vigente'),
    (9,  9, 'CT-2024-009', 'Compra de routers de borde',        '2024-02-15', '2024-12-31', 22000.00, 'compra',    'vigente'),
    (10, 10,'CT-2023-010', 'Soporte integral TI',               '2023-01-01', '2023-12-31', 60000.00, 'servicio',  'vencido'),
    (11, 11,'CT-2024-011', 'Arrendamiento de servidores',       '2024-01-01', '2026-01-01', 90000.00, 'leasing',   'vigente'),
    (12, 12,'CT-2024-012', 'Servicios en la nube',              '2024-03-01', '2025-03-01', 45000.00, 'servicio',  'vigente'),
    (13, 13,'CT-2024-013', 'Mantenimiento de switches',         '2024-02-01', '2025-01-31', 18000.00, 'servicio',  'vigente'),
    (14, 14,'CT-2024-014', 'Compra de equipos de laboratorio',  '2024-05-01', '2025-04-30', 55000.00, 'compra',    'vigente'),
    (15, 15,'CT-2024-015', 'Soporte TI para facultad',          '2024-01-20', '2024-12-31', 35000.00, 'servicio',  'vigente');

INSERT INTO compra (
    id_compra,
    id_proveedor,
    id_contrato,
    numero_documento,
    fecha_compra,
    monto_total
) VALUES
    (1,  1,  1, 'OC-2024-0001', '2024-01-15', 15000.00),
    (2,  1,  1, 'OC-2024-0002', '2024-02-10', 20000.00),
    (3,  2,  2, 'OC-2024-0003', '2024-02-20', 25000.00),
    (4,  2,  2, 'OC-2024-0004', '2024-03-05', 30000.00),
    (5,  3,  3, 'OC-2024-0005', '2024-03-10',  8000.00),
    (6,  4,  4, 'SV-2024-0006', '2024-01-25', 10000.00),
    (7,  5,  5, 'SV-2024-0007', '2024-02-05', 12000.00),
    (8,  6,  6, 'OC-2023-0008', '2023-06-01', 15000.00),
    (9,  7,  7, 'OC-2023-0009', '2023-04-10',  7000.00),
    (10, 8,  8, 'OC-2024-0010', '2024-04-15', 18000.00),
    (11, 9,  9, 'OC-2024-0011', '2024-02-25', 11000.00),
    (12,10, 10,'SV-2023-0012', '2023-07-01', 20000.00),
    (13,11, 11,'OC-2024-0013', '2024-01-30', 30000.00),
    (14,12, 12,'SV-2024-0014', '2024-03-15', 15000.00),
    (15,13, 13,'SV-2024-0015', '2024-03-20', 12000.00);

INSERT INTO compra_detalle (
    id_compra,
    id_equipo,
    cantidad,
    costo_unitario
) VALUES
    (1,  1, 1.00, 8000.00),
    (1,  2, 1.00, 7000.00),
    (1,  3, 1.00, 5000.00),
    (2,  4, 1.00, 12000.00),
    (2,  5, 1.00, 8000.00),
    (3,  6, 1.00, 9000.00),
    (3,  7, 1.00, 6000.00),
    (3,  8, 1.00, 7000.00),
    (4,  9,  1.00, 10000.00),
    (4,  10, 1.00, 11000.00),
    (5,  11, 1.00, 3000.00),
    (5,  12, 1.00, 2500.00),
    (5,  13, 1.00, 2500.00),
    (6,  14, 1.00, 6000.00),
    (6,  15, 1.00, 4000.00),
    (7,  1,  1.00, 5000.00),
    (7,  2,  1.00, 7000.00),
    (8,  3,  1.00, 5000.00),
    (8,  4,  1.00, 10000.00),
    (9,  5,  1.00, 6000.00),
    (9,  6,  1.00, 5000.00),
    (10, 7,  1.00, 9000.00),
    (10, 8,  1.00, 9000.00),
    (11, 9,  1.00, 6000.00),
    (11, 10, 1.00, 5000.00),
    (12, 11, 1.00, 7000.00),
    (12, 12, 1.00, 13000.00),
    (13, 13, 1.00, 15000.00),
    (13, 14, 1.00, 15000.00),
    (14, 15, 1.00, 8000.00),
    (14, 1,  1.00, 7000.00),
    (15, 2,  1.00, 6000.00),
    (15, 3,  1.00, 6000.00);

INSERT INTO equipo_movimiento (
    id_movimiento,
    id_equipo,
    fecha_movimiento,
    id_ubicacion_origen,
    id_ubicacion_destino,
    tipo_movimiento,
    observaciones
) VALUES
    (1,  1, '2024-01-16 09:00:00-05', NULL, 1, 'ALTA',      'Ingreso al inventario'),
    (2,  2, '2024-02-11 10:30:00-05', NULL, 1, 'ALTA',      'Ingreso al inventario'),
    (3,  3, '2024-02-21 11:00:00-05', NULL, 2, 'ALTA',      'Ingreso al inventario'),
    (4,  4, '2024-03-06 09:15:00-05', NULL, 2, 'ALTA',      'Ingreso al inventario'),
    (5,  5, '2024-03-11 08:45:00-05', NULL, 3, 'ALTA',      'Ingreso al inventario'),
    (6,  1, '2024-04-01 14:00:00-05', 1,   2, 'TRASLADO',  'Traslado a laboratorio nuevo'),
    (7,  2, '2024-04-05 15:30:00-05', 1,   3, 'TRASLADO',  'Uso en laboratorio 5'),
    (8,  3, '2024-04-10 10:00:00-05', 2,   1, 'TRASLADO',  'Soporte en oficina'),
    (9,  4, '2024-04-12 09:30:00-05', 2,   NULL, 'BAJA',   'Equipo fuera de servicio'),
    (10, 6, '2024-02-01 13:00:00-05', NULL, 1, 'ALTA',     'Servidor principal'),
    (11, 7, '2024-02-10 09:00:00-05', NULL, 2, 'ALTA',     'Switch para red principal'),
    (12, 8, '2024-02-15 09:30:00-05', NULL, 2, 'ALTA',     'Router de enlace'),
    (13, 9, '2024-03-20 10:15:00-05', NULL, 3, 'ALTA',     'Equipo para alumno'),
    (14,10, '2022-01-10 08:00:00-05', NULL, 3, 'ALTA',     'Equipo antiguo'),
    (15,15, '2024-03-25 11:45:00-05', NULL, 2, 'ALTA',     'Router para pruebas');

INSERT INTO mantenimiento (
    id_mantenimiento,
    id_equipo,
    tipo_mantenimiento,
    estado_mantenimiento,
    prioridad,
    fecha_solicitud,
    fecha_programada,
    fecha_inicio,
    fecha_fin,
    costo_mano_obra,
    costo_repuestos
) VALUES
    (1,  1, 'preventivo', 'completado', 'media',
        '2024-03-01 09:00:00-05', '2024-03-05', '2024-03-05 09:00:00-05', '2024-03-05 11:00:00-05',
        150.00, 50.00),
    (2,  2, 'preventivo', 'completado', 'media',
        '2024-03-10 09:00:00-05', '2024-03-12', '2024-03-12 09:30:00-05', '2024-03-12 11:00:00-05',
        150.00, 0.00),
    (3,  3, 'correctivo', 'completado', 'alta',
        '2024-02-20 08:30:00-05', '2024-02-21', '2024-02-21 09:00:00-05', '2024-02-21 13:00:00-05',
        300.00, 200.00),
    (4,  4, 'correctivo', 'en progreso', 'alta',
        '2024-04-01 10:00:00-05', '2024-04-02', '2024-04-02 09:00:00-05', NULL,
        200.00, 0.00),
    (5,  5, 'preventivo', 'completado', 'baja',
        '2024-02-01 09:00:00-05', '2024-02-03', '2024-02-03 10:00:00-05', '2024-02-03 11:00:00-05',
        100.00, 0.00),
    (6,  6, 'preventivo', 'completado', 'alta',
        '2024-01-15 09:00:00-05', '2024-01-20', '2024-01-20 09:00:00-05', '2024-01-20 12:00:00-05',
        400.00, 0.00),
    (7,  7, 'correctivo', 'completado', 'alta',
        '2024-02-05 09:00:00-05', '2024-02-06', '2024-02-06 09:30:00-05', '2024-02-06 12:30:00-05',
        250.00, 150.00),
    (8,  8, 'preventivo', 'completado', 'media',
        '2024-03-05 09:00:00-05', '2024-03-07', '2024-03-07 10:00:00-05', '2024-03-07 11:30:00-05',
        180.00, 0.00),
    (9,  9, 'correctivo', 'completado', 'media',
        '2024-03-18 09:00:00-05', '2024-03-19', '2024-03-19 09:00:00-05', '2024-03-19 12:00:00-05',
        220.00, 80.00),
    (10,10, 'correctivo', 'completado', 'media',
        '2023-12-10 09:00:00-05', '2023-12-12', '2023-12-12 09:00:00-05', '2023-12-12 12:00:00-05',
        200.00, 100.00),
    (11,11, 'preventivo', 'completado', 'baja',
        '2024-04-01 09:00:00-05', '2024-04-03', '2024-04-03 09:00:00-05', '2024-04-03 10:30:00-05',
        120.00, 0.00),
    (12,12, 'correctivo', 'solicitado', 'alta',
        '2024-04-10 09:00:00-05', '2024-04-11', NULL, NULL,
        0.00, 0.00),
    (13,13, 'preventivo', 'completado', 'media',
        '2024-01-05 09:00:00-05', '2024-01-07', '2024-01-07 09:00:00-05', '2024-01-07 12:00:00-05',
        350.00, 0.00),
    (14,14, 'correctivo', 'completado', 'alta',
        '2024-02-18 09:00:00-05', '2024-02-19', '2024-02-19 09:00:00-05', '2024-02-19 13:00:00-05',
        260.00, 90.00),
    (15,15, 'correctivo', 'en progreso', 'alta',
        '2024-04-15 09:00:00-05', '2024-04-16', '2024-04-16 09:00:00-05', NULL,
        150.00, 50.00);

INSERT INTO mantenimiento_repuesto (
    id_repuesto,
    id_mantenimiento,
    descripcion,
    cantidad,
    costo_unitario
) VALUES
    (1,  1, 'Limpieza interna y cambio de pasta térmica', 1.00, 50.00),
    (2,  3, 'Reemplazo de disco duro 1TB',                 1.00, 200.00),
    (3,  4, 'Fuente de poder ATX 500W',                   1.00, 180.00),
    (4,  5, 'Kit de limpieza para impresora',             1.00,  80.00),
    (5,  7, 'Módulo de ventilación para switch',          1.00, 150.00),
    (6,  7, 'Conectores RJ45',                            20.00,  2.50),
    (7,  8, 'Filtro de polvo para router',                1.00,  40.00),
    (8,  9, 'Módulo de memoria RAM 8GB',                  1.00,  80.00),
    (9, 10, 'Tarjeta de video básica',                    1.00, 100.00),
    (10,11, 'Kit de limpieza general',                    1.00,  30.00),
    (11,13, 'Unidad SSD 512GB',                           1.00, 250.00),
    (12,14, 'Ventilador para rack',                       2.00,  45.00),
    (13,15, 'Módulo WiFi de reemplazo',                   1.00,  50.00),
    (14, 2, 'Actualización de BIOS (servicio)',           1.00,  70.00),
    (15, 6, 'Cableado estructurado (metros)',             30.00,  5.00);